{"cameraMode":{"drawMode":0,"name":"Shaded","section":"Shading Mode"},"sceneLighting":false,"audioPlay":false,"sceneViewState":{"showFog":true,"showMaterialUpdate":false,"showSkybox":true,"showFlares":true,"showImageEffects":true,"showParticleSystems":true},"in2DMode":false,"pivot":{"x":75.87371063232422,"y":323.56793212890627,"z":-424.09295654296877},"rotation":{"x":-0.0671573206782341,"y":0.09265443682670593,"z":-0.006263854447752237,"w":-0.9934112429618836},"size":602.5501098632813,"orthographic":false}