{"cameraMode":{"drawMode":0,"name":"Shaded","section":"Shading Mode"},"sceneLighting":true,"audioPlay":false,"sceneViewState":{"showFog":true,"showMaterialUpdate":false,"showSkybox":true,"showFlares":true,"showImageEffects":true,"showParticleSystems":true},"in2DMode":false,"pivot":{"x":-7.070714950561523,"y":-0.6505985260009766,"z":7.52614688873291},"rotation":{"x":0.13848553597927094,"y":0.7619655132293701,"z":-0.1734408140182495,"w":0.6083984375},"size":17.656295776367189,"orthographic":false}